{

  "GameConstants": [
    {"id": "foodFils", "value": 7},
    {"id": "foodCols", "value": 7},
    {"id": "miracleMinCooldown", "value": 10000},
    {"id": "miracleMaxCooldown", "value": 20000},
    {"id": "miracleMinDuration", "value": 1000},
    {"id": "miracleMaxDuration", "value": 5000},
    {"id": "pacManMaxLifes", "value": 3},
    {"id": "pacManVelocity", "value": 3},
    {"id": "ghostsVelocity", "value": 1.1},
    {"id": "immunityTime", "value": 10000},
    {"id": "ghostSpawnRate", "value": 5000},
    {"id": "ghostFollowChance", "value": 5},
    {"id": "foodSpriteDefault", "value": 12},
    {"id": "foodSpriteMiracle", "value": 15},
    {"id": "foodChanceMiracle", "value": 100}
  ]


}